,city,salary,state,title,zipcode
0,Oak Ridge,,TN,Software Engineer,37831
2,Chattanooga,,TN,Data Analyst II - Integration,37402
5,Pleasant View,,TN,Software Support Engineer, 
6,Nashville,,TN,Data Analyst III, 
7,Tennessee,, ,Software Engineer, 
10,Nashville,$40 - $45 an hour,TN,Data Analyst (Spotfire/Tableau), 
12,Knoxville,"$90,000 - $120,000 a year",TN,Senior Software Engineer, 
13,Nashville,,TN,Data Analyst, 
15,Elmwood Park,,NJ,SQL Developer/Data Engineer,07407
16,Jersey City,"$63,000 - $68,000 a year",NJ,Junior Business Analyst, 
19,East Brunswick,,NJ,Clinical Data Analyst, 
20,Princeton,"$58,000 - $88,000 a year (Indeed est.)",NJ,Software Engineer,08540
21,New Brunswick,,NJ,Lab Data Analyst,08901
23,Township of Brick,$40 - $50 an hour,NJ,MUMPS Developer - 100% Remote, 
24,Township of Warren,,NJ,Data Analyst, 
25,Newark,,NJ,Software Development Engineer II - International expansion, 
26,Roseland,,NJ,Associate Software Developer, 
27,Jersey City,,NJ,Entry Level Software Engineer,07310
28,Lakehurst Naval Air Center,"$80,000 - $100,000 a year",NJ,Software Configuration Engineer, 
29,Princeton,,NJ,Software Engineer - Angular/Javascript,08540
30,Livingston,,NJ,"AVP, Application Development",07039
31,Princeton,,NJ,Entities Data Analyst xe2x80x93 Simplified Chinese, 
32,Monmouth Junction,,NJ,Software Development Engineer in Test (SDET),08852
33,Woodbridge,,NJ,Data Engineer,07095
36,Parsippany,,NJ,Software Development Engineering Intern, 
37,Township of Warren,,NJ,Reporting Data Analyst,07059
38,Jersey City,,NJ,BI Data Analyst, 
39,Franklin Lakes,,NJ,Associate Software Engineer,07417
40,Eatontown,,NJ,Jr. Software Developer - Didactic,07724
41,Princeton,,NJ,Data Scientist/ Machine Learning Research Professional,08540
43,Basking Ridge,,NJ,Software Engineer - Multiple locations,07920
46,Collierville,,TN,Business Analyst, 
48,Nashville,,TN,Software Developer,37217
49,Memphis,,TN,Healthcare Quality Data Analyst,38120
50,Knoxville,,TN,Software Engineer,37932
51,Nashville,,TN,Junior Data Analyst,37214
54,Lawrenceville,,NJ,Associate Data Engineer, 
55,Wayne,,NJ,Associate Data Scientist,07470
56,Township of Hamilton,,NJ,Sr. Data Analyst, 
57,Jersey City,,NJ,Data Analyst, 
58,Union,,NJ,Data Analyst, 
59,Basking Ridge,,NJ,Data Scientist xe2x80x93 Predictive & Prescriptive Analytics,07920
60,Roseland,,NJ,Junior Programmer Analyst, 
61,Morristown,$47 - $67 an hour (Indeed est.),NJ,Alteryx ETL Developer,07960
62,South Amboy,,NJ,Data Analyst, 
63,Moorestown,,NJ,Software Engineering Associate - Entry level,08057
65,Piscataway,,NJ,Software Engineer, 
67,Florham Park,,NJ,Entry Level Software Engineer,07932
68,Piscataway,,NJ,Senior Data Analyst,08854
69,Monmouth Junction,,NJ,Data Engineer,08852
70,North Brunswick,,NJ,Business Analyst,08902
71,Jersey City,,NJ,Full-Stack Software Engineer, 
73,Jersey City,"$65,000 - $140,000 a year",NJ,Java Software Engineer, 
74,Jersey City,,NJ,Principal Software Engineer (Java), 
77,Chattanooga,,TN,Entry Level Software Engineer,37450
79,Tullahoma,,TN,Software Engineer, 
80,Knoxville,,TN,Data Engineer,37902
81,Franklin,,TN,Data Analyst II,37067
83,Nashville,,TN,Business Analyst, 
84,Piney Flats,,TN,Financial/Accounting Software Analyst,37686
86,Memphis,,TN,Data Scientist, 
87,Nashville,,TN,React Software Engineer - Elmington Technology,37203
91,East Rutherford,,NJ,Programmer Analysts, 
92,Thorofare,,NJ,"Managed Services Data Analyst, Associate",08086
93,Mount Laurel,,NJ,Data Business Analyst, 
95,Piscataway,,NJ,Data Engineer, 
97,Montvale,,NJ,Data Engineer Intern Summer 2019,07645
98,Mount Arlington,"$65,000 a year",NJ,Product Specialist - Preclinical Software, 
100,Newark,,NJ,Data Analyst, 
101,Princeton,,NJ,Software Engineer I, 
102,Cinnaminson,,NJ,Data Analyst, 
105,Livingston,,NJ,Audit Data Analyst,07039
106,Bridgewater,,NJ,Business Analyst, 
107,Princeton,,NJ,Software Engineer, 
108,Edison,,NJ,Software Engineer,08817
110,Knoxville,,TN,Software Engineer - Web UI, 
111,Nashville,,TN,Software Test Engineer, 
112,Clarksville,,TN,Electronic Controls Software Engineer,37042
113,Nashville,,TN,Sales Development Representative (Event Management Software)..., 
116,Brentwood,,TN,Healthcare Data Analyst,37027
118,La Vergne,,TN,"Director, Software Development (Digital Services)", 
120,Princeton,,NJ,"Senior Software Engineer, C++",08540
121,Secaucus,,NJ,Senior Software Engineer, 
123,Freehold,,NJ,Software Developer,07728
125,Whippany,,NJ,Data Analyst - Credit Risk, 
127,Township of Hamilton,,NJ,Software Engineer, 
128,Edison,,NJ,Software Developer/Engineer (Python):, 
129,Hancocks Bridge,,NJ,Information Technology Software Engineer, 
131,Franklin,,TN,Software Engineer, 
134,Memphis,,TN,Applications Development Analyst II,38197
135,Franklin,,TN,Data Engineer, 
137,Hermitage,,TN,Business Analyst, 
138,Columbia,,TN,Senior Data Scientist, 
139,Knoxville,,TN,Data Engineer, 
141,Nashville,,TN,"Data Analyst, Business Intelligence", 
143,Franklin,,TN,"Software Engineering Manager - Franklin, TN",37068
144,Knoxville,,TN,Data Analyst / Modeler,37923
146,Newark,,NJ,Associate Software Engineer,07105
148,Somerset,"$75,000 a year",NJ,Programmer Analyst, 
150,Edison,$25 - $50 an hour,NJ,RPA Developer, 
152,Township of Hamilton,,NJ,Software Quality Engineer, 
154,Princeton,,NJ,Sr. Data Scientist, 
155,Kendall Park,"$88,546 a year",NJ,Business Analyst,08824
156,Somerset,$62 an hour,NJ,Software Developer, 
157,Oak Ridge,,TN,Software Developer, 
158,Antioch,,TN,Programmer/Analyst II - Web Development,37013
160,Knoxville,"$90,000 - $105,000 a year",TN,Software Developer, 
164,Franklin,,TN,Software Engineer,37067
166,Nashville,,TN,Data Engineer,37210
169,Holmdel,,NJ,Front-End Developer,07733
170,Jersey City,,NJ,Developer/Analyst,07302
174,Florham Park,,NJ,Business Analyst,07932
176,Mahwah,,NJ,Speech and Data Scientist, 
181,Nashville,,TN,2019 Information Technology Internship, 
182,Nashville,,TN,"Data Analyst, Distribution & Administrative Services", 
183,Knoxville,,TN,Embedded Software Engineer, 
185,Brentwood,,TN,Intermediate Software Engineer, 
186,Lewisburg,,TN,Research Data Analyst / Programmer, 
187,Nashville,,TN,Data Analyst (Tableau // Spotfire),37214
189,Tullahoma,,TN,Software Engineer/Programmer, 
190,North Brunswick,,NJ,Data Analyst with SAS SQL, 
191,Moorestown,,NJ,Software Configuration Analyst Associate,08057
193,Princeton,,NJ,Web Services Software Engineer,08540
195,Florham Park,,NJ,Data Analyst, 
197,Princeton,,NJ,Software Engineer (M/F), 
200,Parsippany,,NJ,Associate Principal Engineer- Data Engineer,07054
202,Nashville,"$60,000 a year",TN,Client Success Manager - Software,37203
206,Oak Ridge,,TN,Senior Data Engineer, 
207,Knoxville,,TN,Web Development QA Analyst,37902
208,Brentwood,,TN,Senior Data Analyst,37027
210,Brentwood,,TN,Software Engineer,37027
211,Rockleigh,,NJ,Lead Data Scientist,07647
212,Jersey City,,NJ,AD Software Development Engineer,07302
213,Lambertville,,NJ,Business Data Analyst, 
215,Newark,,NJ,Software Engineer - HTML5, 
216,Newark,,NJ,Business Analyst, 
218,Jersey City,,NJ,Software Development Manager, 
219,Edison,"$60,000 - $65,000 a year",NJ,"Hiring OPT, CPT for Information Technology",08817
220,Egg Harbor Township,,NJ,Junior Level Software Engineer, 
221,Bloomfield,,NJ,Data Scientist - Richmond Virginia area - must be local or b..., 
222,Franklin,,TN,IT Software Engineer II, 
229,Nashville,,TN,Business Analyst, 
230,La Vergne,,TN,Business Analyst - SmartData,37086
233,Edison,"$60,000 - $65,000 a year",NJ,Oracle Business Analyst, 
234,Whippany,,NJ,"IT Business Analyst, Data Warehousing",07981
236,Burlington,,NJ,Internal Audit Data Analyst,08016
238,Basking Ridge,,NJ,Software Engineer, 
239,Edison,,NJ,Web Analyst,08837
241,Parsippany,,NJ,"Engineer, Software (Custom Application Development)",07054
242,South Plainfield,,NJ,Software Engineer,07080
243,Princeton,,NJ,"Data Analyst, Mutual Funds (Portuguese Speaker)", 
246,Nashville,,TN,Software Developer-Campus Recruiting,37201
248,Nashville,,TN,Applications Engineer - ZEISS CALYPSO, 
249,Memphis,,TN,Programmer Analyst,38132
250,Nashville,,TN,Junior Software Engineer, 
256,Knoxville,,TN,Revenue Cycle Data Analyst, 
257,Nashville,,TN,Intermediate Software Engineer, 
258,Brentwood,,TN,Business Intelligence Analyst,37027
259,Collierville,"$40,000 - $50,000 a year",TN,Programmer Analyst,38017
260,Chattanooga,,TN,Ethereum Developer,37402
262,Wayne,,NJ,Entry Level Software Engineer,07470
263,Newark,,NJ,Software Dev Engineer II, 
265,Basking Ridge,,NJ,Data Scientist - Customer Experience,07920
266,Hoboken,,NJ,Staff Data Scientist, 
269,Alpha,,NJ,Software Engineer, 
270,Matawan,,NJ,Software Developers, 
273,Knoxville,,TN,Software Engineer,37922
276,Brentwood,,TN,Software Developer, 
277,Nashville,"$110,000 - $125,000 a year",TN,Lead Software Designer, 
278,Knoxville,,TN,Senior Data Scientist, 
279,Nashville,,TN,Data Analyst, 
282,Nashville,,TN,Data Analyst, 
283,Franklin,,TN,Data Analyst, 
284,Franklin,,TN,Data Analyst,37064
285,Brentwood,,TN,SQL Data Specialist, 
286,Franklin,,TN,Data Analyst,37067
287,Knoxville,,TN,Data Analyst / Modeler, 
288,Nashville,"$60,000 - $80,000 a year",TN,Software Controls Engineer,37210
289,Brentwood,,TN,SQL Database Engineer,37027
290,Franklin,,TN,Software Engineer - Data Integration, 
292,Nashville,,TN,Business / Data Analyst Data Management & Quality Control, 
293,Collierville,,TN,Software Developer Advisor - Real Time Analytics, 
294,Brentwood,"$80,000 - $98,000 a year",TN,Data Scientist, 
295,Memphis,,TN,BI Analyst (Data Modeling), 
296,Nashville,"$50,500 - $65,000 a year",TN,Data Analyst, 
297,Brentwood,,TN,Marketing Data Analyst (Tableau/Alteryx),37027
298,Nashville,,TN,Data Scientist - Outcomes Research, 
299,Memphis,,TN,Sr. Data Scientist RTI, 
300,Knoxville,"$95,000 - $100,000 a year",TN,Technical Data Analyst,37923
301,Knoxville,,TN,Software Development Internship- Summer 2019, 
302,Memphis,,TN,Associate Software Engineer, 
303,Nashville,,TN,"Software Development Engineer - Nashville, Austin and Toront...", 
304,Nashville,,TN,Legal Data Analyst, 
305,Nashville,,TN,Data Analyst, 
306,Brentwood,,TN,Software Engineer, 
307,Piney Flats,,TN,Software Analyst,37686
309,Brentwood,"$60,000 - $80,000 a year",TN,Software Engineer,37027
310,Antioch,$15 - $20 an hour,TN,Community & Data Analyst,37013
312,Princeton,,NJ,Software Engineer,08542
313,Newark,,NJ,Data Scientist, 
314,Newark,,NJ,Software Development Engineer, 
315,Edison,,NJ,Software Engineer,08817
316,Newark,$18.50 an hour,NJ,Entry Level Software Analyst, 
317,Lyndhurst,"$101,000 - $148,000 a year (Indeed est.)",NJ,BI Data Scientist, 
319,Princeton,,NJ,Software Engineer - Data Analytics Intern, 
320,Jersey City,"$108,000 - $159,000 a year (Indeed est.)",NJ,"Data Scientist, RBC Amplify - 2019", 
321,Township of Warren,,NJ,Data Analyst, 
322,South Plainfield,,NJ,Data Analyst,07080
323,Bridgewater,,NJ,Data Analyst, 
324,New Brunswick,"$122,000 - $180,000 a year (Indeed est.)",NJ,"Data Scientist, Commercial Analytics", 
325,Newark,,NJ,Software Development Engineer, 
326,Princeton,,NJ,Software Development Manager,08540
327,Holmdel,"$114,000 - $153,000 a year (Indeed est.)",NJ,Senior Software Engineer, 
328,Cherry Hill,$65 - $75 an hour,NJ,Data Analyst / Data Scientist, 
329,Princeton,,NJ,Data Analyst - FutureAdvisor,08540
330,Egg Harbor Township,,NJ,Data Analyst,08234
331,Englewood,,NJ,Associate Data Scientist,07631
333,Lebanon,,NJ,Junior Data Modeler / Data Analyst, 
334,Plainsboro,,NJ,Internship - Information Technology Business Applications An..., 
335,Metuchen,,NJ,Data Analyst, 
336,Weehawken,,NJ,AM Data Analytics xe2x80x93 Software Engineer, 
337,New Brunswick,,NJ,Application Developer, 
339,Princeton,,NJ,Entry Level Software Engineer, 
340,Summit,,NJ,Data Analyst, 
341,Whippany,,NJ,Data Analyst, 
343,Florham Park,,NJ,Software Engineer I,07932
344,Princeton,,NJ,Software Engineer, 
345,New Jersey,, ,Data Scientist - Financial Services Lab, 
346,East Hanover,,NJ,Data Scientist - NA Design Ingredients,07936
347,Newark,,NJ,Software Development Engineer - Java, 
348,Branchburg,,NJ,College Intern - Software Development (New Jersey), 
349,Basking Ridge,,NJ,Software Engineer,07920
351,Rancocas,"$3,500 - $5,000 a month",NJ,IT and Data Engineer, 
352,Newark,,NJ,Human Resources & Compensation Data Analyst, 
354,Basking Ridge,,NJ,Junior Java Software Engineer,07920
355,Princeton,,NJ,2019 Market Data Analyst,08543
356,Jersey City,,NJ,Data Analyst (Intern), 
357,Holmdel,"$120,000 - $180,000 a year",NJ,Senior Data Scientist,07733
359,Camden,"$62,000 - $83,000 a year",NJ,Data Analyst,08102
360,Trenton,"$77,526 a year",NJ,"Data Governance Analysts (Information Technology Analyst 1,...", 
361,Brentwood,,TN,Senior SQL Database Developer, 
362,Franklin,,TN,Associate Application System Analyst Big Data Programmer, 
363,Nashville,,TN,Consulting Business Intelligence Developer, 
364,Knoxville,,TN,Software Developer Summer Internship,37932
366,Memphis,,TN,Genomic Data Engineer,37544
376,Princeton,,NJ,Software Engineer, 
377,Hoboken,,NJ,"Manager, Software Development", 
378,Edison,,NJ,Software Engineer/Developer, 
379,Princeton,,NJ,Entities Data Analyst xc3xa2xe2x82xacxe2x80x9c Simplified Chinese, 
380,Newfoundland,,NJ,Software Engineer,07435
386,Franklin,,TN,Data Analyst - Applied Technology - Healthcare, 
394,Nashville,,TN,Apprentice Business Analyst,37228
395,Chattanooga,,TN,Software Engineer,37408
397,Franklin,,TN,"Senior Software Engineer - Franklin, TN",37068
398,Nashville,,TN,Software Development Associate - Technology & Operations Pro..., 
401,Allentown,,NJ,Software Engineer, 
402,Rockleigh,,NJ,Data Analyst,07647
404,Princeton,,NJ,Software Developer Internship for High Level Synthesis,08540
407,Edison,,NJ,Software Developer/Engineer, 
408,Newark,,NJ,Software Dev Engineer II, 
409,Jersey City,,NJ,Senior Data Engineer, 
413,Nashville,,TN,Software Development Engineer Test II,37217
416,Knoxville,,TN,SQL Database Developer/Software Engineer,37932
420,Clinton,$50 - $55 an hour,NJ,Sr. Data Modeler/Data Analyst, 
421,Picatinny Arsenal,,NJ,Associate Software Design Engineer (Entry Level), 
422,Somerset,,NJ,"Engineer I, Software Quality Assurance Testing", 
424,Monmouth Junction,,NJ,Software Engineer (Performance Engineer),08852
426,Cherry Hill,,NJ,Software Engineer Associate,08002
427,Plainfield,,NJ,Software Engineer:, 
429,Atlantic City,,NJ,Jr. Software Engineer (Java) - FAA,08405
434,Memphis,,TN,Senior Image Data Scientist,37544
435,La Vergne,,TN,Senior Software Engineer, 
438,Franklin,,TN,Data Engineer II,37067
440,Parsippany,,NJ,CAMPUS: Internship Opportunity - IT/CAD Software Development..., 
441,Freehold,,NJ,Information Technology - Junior Software Developer,07728
442,Nutley,,NJ,Software Engineer/Software Developers,07110
444,Franklin Lakes,,NJ,Data Scientist - NJ, 
448,Whippany,$55 - $70 an hour,NJ,Senior Software Engineer (Need Passport Number), 
449,Cranbury,,NJ,Software Engineer,08512
452,Nashville,,TN,Business Analyst / Data Management Strategy & Governance, 
463,Rockaway,"$40,000 - $70,000 a year",NJ,Business Analyst,07866
466,Woodland Park,$34.00 - $35.40 an hour,NJ,Business/Data Analyst - MS Excel, 
469,Iselin,,NJ,Clinical Enterprise Data Analyst,08830
472,Jersey City,,NJ,Data Analyst,07311
484,Springfield,,TN,Senior Software Development Engineer, 
486,Moorestown,,NJ,Software Engineer II / Developer, 
487,Jersey City,"$60,000 - $65,000 a year",NJ,Jr.Tableau Developer, 
489,Cinnaminson,,NJ,Software Quality Analyst, 
491,Princeton,,NJ,"Software Engineer - Deep Reinforcement Learning for CAD, CAE...",08540
492,Edison,,NJ,Senior Big Data Analyst, 
493,Camden,,NJ,Software Engineer - WMS,08103
494,Franklin Lakes,,NJ,Associate Programmer Analyst,07417
500,Nashville,,TN,Software Engineer, 
501,Nashville,,TN,WorldWide Operations Software Engineer, 
502,Hermitage,,TN,Business Analyst (MSP Team), 
503,Brentwood,,TN,"Data Scientist, Marketing",37027
510,Clark,"$100,000 - $120,000 a year",NJ,Principal Software Engineer - MEAN Stack,07066
512,Princeton,,NJ,Associate Software Developer,08540
515,Weehawken,,NJ,IT Software Engineer, 
517,Township of Neptune,,NJ,Software Developer, 
519,Nashville,,TN,Master Data Analyst, 
523,Memphis,"$60,000 - $80,000 a year",TN,GIS Business Analyst, 
528,Nashville,"$100,000 - $120,000 a year",TN,Senior Software Engineer, 
530,Oak Ridge,"$44,709 - $52,533 a year",TN,Database Developer,37830
531,Nashville,,TN,Programmer / Analyst, 
533,East Hanover,,NJ,Associate Principal Engineer- Data Engineer,07936
535,Metuchen,,NJ,Software Engineer, 
536,Princeton,,NJ,Research Software & Programming Analyst, 
537,Clifton,,NJ,Software QA - Entry Level,07011
538,Township of Hamilton,,NJ,Software Release Engineer, 
539,East Hanover,,NJ,Senior Scientist I- Data Science,07936
541,Township of Lawrence,,NJ,"Software Engineer, Quality Assurance",08648
542,Piscataway,,NJ,"Summer Intern - Software Developer, Information Technology", 
543,Florham Park,,NJ,Associate Developer, 
545,Nashville,,TN,"Director, Software Development",37217
546,Knoxville,,TN,Full Stack Software Engineer,37932
547,Oak Ridge,,TN,Computer/Data Scientist,37831
548,Nashville,,TN,Software Dev Engineer, 
549,Franklin,,TN,Senior Software Engineer,37068
550,Martin,,TN,Software Developer, 
554,Edison,,NJ,Licensed Practice Nurse(LPN)xe2x80x93Data Analyst 30-40 % travel, 
557,Holmdel,,NJ,Senior Software Engineer | Software Development,07733
559,Franklin Lakes,,NJ,Software Engineer xe2x80x93 PowerBuilder, 
561,Princeton,,NJ,Software Engineer (back-end), 
562,Hoboken,,NJ,Junior Business Analyst, 
563,East Brunswick,,NJ,Business Analyst, 
568,Franklin,,TN,Business Analyst,37067
572,La Vergne,,TN,Software Engineer,37086
573,Maryville,,TN,Software Developer,37804
577,Nashville,,TN,Programmer/Analyst, 
581,Spring Valley,,NJ,"Agile Software Business Analyst based in Kenilworth, NJ", 
584,Morristown,,NJ,Data Engineer,07961
585,Princeton,,NJ,Software QA Analyst, 
586,Edison,,NJ,Programmer Analyst,08817
587,Murray Hill,,NJ,Software Development Co op, 
589,Lawrenceville,,NJ,Associate Application Support Engineer, 
591,Kingsport,,TN,Data Analyst I, 
592,Nashville,,TN,Data Analyst, 
593,Knoxville,,TN,Data Analyst,37923
594,Clarksville,,TN,Data Analyst, 
595,Nashville,,TN,PYTHON/ETL Developer, 
596,Nashville,,TN,Jr. SQL Analyst,37214
597,Nashville,,TN,Big Data Engineer, 
598,Nashville,,TN,Data Scientist, 
599,Memphis,$45 - $60 an hour,TN,Software Development Engineer in Test, 
602,Nashville,,TN,Claims Data Analyst, 
603,Memphis,,TN,Associate Software Engineer,37544
605,Princeton,,NJ,Business Data Analyst, 
606,South Plainfield,,NJ,Quant Python Data Analyst,07080
607,Secaucus,"$106,000 - $157,000 a year (Indeed est.)",NJ,Data Scientist - Digital Analyst, 
608,Princeton,,NJ,Data Analyst Intern, 
609,Township of Hamilton,,NJ,Software Development Intern, 
610,Piscataway,,NJ,Summer 2019 Application and Software Development Internship,08854
611,Edison,,NJ,Senior Software Engineer,08817
612,New Brunswick,,NJ,Data Analyst, 
613,Newark,,NJ,Business Data Analyst, 
615,Parsippany,,NJ,"Data Analyst, Consultant",07054
617,Parsippany,,NJ,"Data Scientist, Consultant", 
618,Parsippany,,NJ,Lead Data Scientist,07054
619,New Brunswick,,NJ,Senior Data Science Analyst-Supply Chain Digital & Analytics, 
620,East Rutherford,,NJ,Business Intelligence & Analytics Manager,07073
622,Monmouth Junction,,NJ,Programmer Analyst, 
623,New Jersey,, ,JavaScript/Python Software Engineer, 
624,Princeton,,NJ,Software Engineer, 
625,Basking Ridge,,NJ,Data Scientist,07920
626,Jersey City,,NJ,Java Software Engineer, 
627,Weehawken,,NJ,Data Analyst - Financial, 
628,Eatontown,,NJ,Associate Software Engineer,07724
629,Somerset,,NJ,Software Engineer Development, 
630,Piscataway,"$62,000 - $93,000 a year (Indeed est.)",NJ,Software Developer,08854
631,Madison,,NJ,Software Engineer, 
633,New Brunswick,,NJ,"Software Engineer - POS, R&D", 
634,Hoboken,,NJ,Software Engineer, 
635,Township of Hamilton,,NJ,Sr Data Analyst, 
636,Weehawken,,NJ,Strategic Business Analyst/Data Scientist, 
637,Raritan,$27 - $37 an hour,NJ,Clinical Data Analyst (Medidata CTMS),08869
638,Jersey City,,NJ,Data Scientist,07302
640,Edison,"$60,000 - $65,000 a year",NJ,Data Analyst with 1-3yrs of Experience, 
642,Princeton,"$50,000 - $80,000 a year",NJ,Business Data Analyst, 
646,Brentwood,,TN,Sr SQL Database Administrator, 
647,Memphis,,TN,Java Software Engineer,38103
648,Nashville,,TN,Software Engineer, 
652,Spring Hill,,TN,Applications Lab Assistant,37174
655,Nashville,,TN,Associate Software Design Engineer, 
657,Trenton,,NJ,Oracle Developer with Apex experience, 
658,Edgewater Park,,NJ,Senior Application Development Analyst,08010
660,Princeton,,NJ,Applications Scientist - Materials Science, 
661,Princeton,,NJ,Research Software Engineer, 
664,Secaucus,,NJ,Software Engineer, 
665,Little Falls,,NJ,Software Engineer, 
667,Cranbury,,NJ,Business Analyst,08512
674,Nashville,,TN,Senior Business/Data Analyst, 
676,Memphis,,TN,Data Engineer,38115
677,Nashville,,TN,"Jr Business Developer-Mall at Green Hills, Nashville",37209
679,Nashville,,TN,Python Software Engineer, 
680,Nashville,,TN,Programmer/Analyst, 
683,Newark,,NJ,"Intern, IT Data Analyst (Summer 2019- Rising Senior)",07102
684,Bernardsville,$25 an hour,NJ,2019 Web Developer Summer Intern,07924
685,Bloomfield,,NJ,Data Scientist - New York/New Jersey area, 
686,Monmouth Junction,,NJ,Software Engineer,08852
687,Jersey City,,NJ,Finance Data Analyst, 
689,Franklin Lakes,,NJ,Data Engineer, 
693,Trenton,,NJ,Java Developer, 
697,Greeneville,,TN,Applications Development Engineer (Materials),37745
698,Nashville,"$90,000 - $120,000 a year",TN,Full-Stack Software Developer, 
699,Knoxville,,TN,Mid-Level Software Engineer, 
704,Florham Park,,NJ,Data Analyst,07932
713,Iselin,,NJ,Business Analyst, 
719,Memphis,,TN,Application Support Analyst (Enterprise Software), 
720,Knoxville,,TN,Software Engineer/Developer, 
724,Nashville,,TN,Software Quality Assurance Analyst, 
729,Lawrenceville,,NJ,Business Analyst (Implementations), 
730,Lumberton,,NJ,Software Developer,08048
731,Wayne,,NJ,Intern - Data Analyst - Administrative Services,07470
733,Short Hills,,NJ,Data Scientist,07078
735,Holmdel,$65 - $75 an hour,NJ,QA Automation Developer (QTP/Quality Center/Selenium),07733
736,Edison,,NJ,Senior Software Engineer, 
740,Memphis,,TN,Data Analyst Sr,38120
743,Nashville,,TN,Business Analyst, 
748,Princeton,,NJ,2019 Quality Software Tool (QST) Intern - Quality Excellence,08541
751,Englewood Cliffs,,NJ,"Lead Country Data Scientist, US", 
753,Camden,,NJ,Data Engineer,08102
756,Jamesburg,,NJ,Business Applications Analyst, 
757,Cedar Knolls,"$90,000 - $100,000 a year",NJ,Software Programmer - Crestron Systems Exp Required, 
758,Nashville,,TN,Senior Software Engineer-Solutions, 
759,Memphis,,TN,"VB.NET, C#, w/SQL Development", 
760,United States,"$60,000 - $80,000 a year", ,Backend Software Engineer, 
762,Memphis,,TN,"Manager, Software Testing", 
763,Memphis,,TN,Software Engineer II (Java), 
764,Memphis,,TN,eCommerce Analyst, 
773,Princeton,"$45,000 - $55,000 a year",NJ,Marketing Business Analyst, 
775,Princeton,,NJ,Software Engineer C++,08540
776,Englewood Cliffs,,NJ,"Software Engineer, Front end (React)", 
777,Princeton,,NJ,Center for Observational Research & Data Scientist- Manager,08541
780,Basking Ridge,,NJ,"Lead Software Engineer - Basking Ridge, NJ",07920
781,Jersey City,"$110,000 - $130,000 a year",NJ,Senior Talend Data Integration Designer and Developer, 
782,Mahwah,,NJ,Associate Software Engineer, 
787,Brentwood,,TN,"Vice President, Software Engineering",37027
789,Chattanooga,,TN,Principle Software Engineer/Architect,37402
791,Nashville,,TN,Junior Cloud Software Engineer, 
794,Long Branch,,NJ,"Data Analyst Senior, Tobacco Cessation Program/IFPR", 
795,Kendall Park,,NJ,Software Automation Engineer, 
796,Edison,"$60,000 - $65,000 a year",NJ,Java Developer, 
799,Edison,,NJ,BI Analyst, 
800,Princeton,,NJ,Software Developer - Virtual Locomotion Controller, 
803,Franklin,,TN,Sr IT Software Engineer, 
805,La Vergne,,TN,"Software Engineer, Team Lead (Integrations)", 
806,Nashville,"$80,000 a year",TN,Assembler Programmer IBM Mainframe, 
807,Nashville,,TN,Software Controls Engineer, 
809,Franklin,,TN,Business Analyst,37064
810,Collierville,,TN,"Business Application Analyst (All Levels) Memphis, TN Area", 
813,Brentwood,,TN,Application Analyst, 
814,Mount Juliet,,TN,Software Engineer (.NET/SQL),37122
815,Nashville,,TN,SQL Developer, 
816,Princeton,,NJ,"Senior Software Engineer, Web Services",08540
817,Florham Park,,NJ,Application Development Manager (Multiple Positions),07932
818,Pennington,,NJ,SQL Software Developer,08534
821,Princeton,,NJ,Software Quality Assurance Analyst, 
824,Rahway,,NJ,Application Support Analyst, 
825,Newark,,NJ,Business Analyst - Data Governance, 
826,Linwood,,NJ,Software Engineer Associate, 
834,Nashville,,TN,Software Engineer, 
841,Florham Park,,NJ,Quantitative Data Engineer,07932
843,Princeton,,NJ,Software Engineer - 3D Geometry,08540
846,Princeton,,NJ,Software Developer (1),08540
851,Chattanooga,,TN,React / Full Stack Software Engineer,37411
855,Johnson City,,TN,RN - Data Analyst (FT) Johnson City Med Center,37604
858,Somerset,,NJ,Java Software Engineer,08875
860,Woodbridge,,NJ,Business Analyst,07095
862,Basking Ridge,,NJ,Machine Learning Research Scientist- Internship,07920
864,Tinton Falls,,NJ,Business Analyst, 
867,Iselin,,NJ,Software Developer Intern, 
868,Secaucus,,NJ,Digital Marketing Data Engineer KB, 
869,Nashville,,TN,Junior Software Engineer, 
873,Memphis,,TN,Associate Software Engineer Interfaces, 
874,Knoxville,,TN,Junior Data Analyst,37932
875,Nashville,"$50,000 - $60,000 a year",TN,Business Analyst,37201
876,Hermitage,,TN,Data Analyst (Architecture Team), 
877,Memphis,,TN,Software Engineer Coding Instructor, 
878,Nashville,,TN,"Software Engineer, Solutions", 
879,New Jersey,, ,Software Development Engineer in Test (SDET)/Sr. QA Engineer, 
883,Florham Park,,NJ,Artificial Intelligence Expert (Data Scientist),07932
884,Edison,,NJ,Data Science internship, 
886,Holmdel,,NJ,"Intern, Data Science",07733
887,Holmdel,"$76,000 - $112,000 a year (Indeed est.)",NJ,Associate Data Scientist,07733
888,Lyndhurst,,NJ,"Data Engineer (Analyst), Global Analytics",07071
890,Pennington,,NJ,Data Scientist I,08534
891,Princeton,,NJ,Invoice Presentment Lead Software Engineer,08542
892,Basking Ridge,,NJ,Software Engineer - Multiple Locations,07920
893,Weehawken,,NJ,Data Analyst (Wealth Management),07086
895,Florham Park,,NJ,Software Development Engineer II,07932
896,Holmdel,,NJ,Software Engineer,07733
897,Princeton,,NJ,Software Engineer Intern, 
898,Paramus,,NJ,Data Analyst - Summer Intern, 
900,Nashville,,TN,Programmer / Analyst, 
902,Brentwood,,TN,.NET/Mobile App Software Engineer,37027
911,Township of Hamilton,,NJ,Data Analyst - Transportation, 
912,Hackensack,,NJ,Software Engineer, 
913,Jersey City,,NJ,Software Developer,07302
914,Flanders,,NJ,Software Engineer 1, 
916,Bloomfield,,NJ,Software Engineer Lead - Snowflake Data Engineer, 
918,Parsippany,,NJ,Software Test Engineer, 
919,Iselin,,NJ,Associate Business Analyst, 
920,Mount Laurel,,NJ,Fieldprint Application Support Analyst, 
923,Knoxville,,TN,Medical Imaging Senior Software Engineer, 
924,Nashville,,TN,Data Scientists (Senior & Entry Level), 
926,Franklin,,TN,Business Analyst,37067
931,East Brunswick,,NJ,Principal Software Engineer, 
937,Franklin Lakes,,NJ,Machine Learning Engineer,07417
939,Englewood Cliffs,,NJ,Full Stack Software Engineer, 
941,Woodbridge,,NJ,Business Analyst,07095
945,Franklin,,TN,"Data Scientist, Sr.",37067
953,Hartsville,,TN,Part-Time Internship: Jr. Programmer Cookeville TN, 
954,Nashville,,TN,Programmer Analyst, 
956,Township of Hamilton,,NJ,Software Release Engineer, 
960,Montvale,,NJ,Software Quality Engineer,07645
962,Rockleigh,,NJ,Digital Data Analyst,07647
964,New Brunswick,,NJ,"Mgr, Software Development", 
965,Wall,,NJ,Business Intelligence Analyst, 
966,Englewood Cliffs,,NJ,MicroServices Software Engineer, 
970,Oak Ridge,,TN,Software Engineer (Java/Python), 
972,Nashville,,TN,Senior Clinical Data Analyst, 
976,Franklin,,TN,"General Applications - Franklin, TN", 
978,Monmouth Junction,,NJ,ABAP Programmer/Analyst,08852
981,Township of Brick,,NJ,Full Stack Software Engineer,08723
983,Edison,,NJ,Certified Medical Assistantxe2x80x93Data Analyst 30-40% travel, 
986,Voorhees,"$107,515 a year",NJ,Sr. Software Engineer,08043
992,Memphis,,TN,IT - Intern Full time Application Analyst (Cerner),38103
996,Nashville,"$75,000 - $95,000 a year",TN,"Full Stack Developer (Watershed) Nashville, US (3198)", 
1000,Memphis,,TN,Entry Level Software Developer, 
1001,Princeton,,NJ,Big Data Developer Intern, 
1004,Iselin,$55 - $60 an hour,NJ,Cognos/QlikView Reports Developer,08830
1009,Edison,"$55,000 - $60,000 a year",NJ,iOS Developer, 
1019,Nashville,,TN,Advisor eBusiness Software & Peripherals Producer, 
1020,Nashville,,TN,Freelance Web Developer, 
1023,Cookeville,,TN,"Manager, Engineering (Web Development)", 
1024,Elizabeth,,NJ,ERP Business Analyst, 
1032,Piscataway,,NJ,Programmer Analyst, 
1034,Nashville,"$30,000 - $80,000 a year",TN,FULL Stack Backend Developer, 
1043,Memphis,,TN,Production Business Analyst, 
1044,Chattanooga,,TN,Application Analyst,37421
1048,Holmdel,,NJ,Senior Software Engineer,07733
1049,Englewood Cliffs,,NJ,"Principal Software Engineer, Development COE", 
1052,Township of Wall,,NJ,Software Developer - Revenue Cycle Team, 
1057,Somerset,,NJ,Full-stack ASP.NET Web Developer,08873
1058,Mahwah,,NJ,Application Developer,07430
1062,Nashville,,TN,Software Developer II,37214
1066,Nashville,,TN,Consulting Business Analyst, 
1068,Knoxville,,TN,Software Engineer,37932
1069,Weehawken,,NJ,Corporate Lending IT Java Software Engineer, 
1070,Princeton,,NJ,Imaging Software Design Engineer, 
1073,Princeton,,NJ,Programmer Analyst, 
1074,Matawan,,NJ,PHP Developers, 
1075,Jersey City,$70 - $75 an hour,NJ,Sr. Java Application Engineer, 
1076,Edison,,NJ,Data Engineer, 
1093,Rockleigh,,NJ,Co-op - Summer / Fall 2019 - Software Development, 
1095,Moorestown,,NJ,Data Engineer,08057
1097,Montvale,,NJ,Data Engineer - QlikSense & Azure HDInsight, 
1100,South Plainfield,,NJ,Associate Software Developer, 
1103,Marlton,"$65,000 a year",NJ,Product Programmer Specialist, 
1104,Iselin,,NJ,Business Analyst, 
1107,Nashville,,TN,Security Software Engineer, 
1110,Tennessee,, ,"Field Support Representative-Veterinary Software- Nashville,...", 
1118,Secaucus,,NJ,Diagnostic Software Developer, 
1122,Edison,"$60,000 - $65,000 a year",NJ,Java/J2EE Developer, 
1123,Nashville,,TN,Healthcare Data Analyst, 
1124,Oak Ridge,,TN,Software Engineer I, 
1125,Hermitage,,TN,Deloitte Global- Data Scientist, 
1127,Tennessee,$25 - $35 an hour, ,Business Analyst, 
1129,Tennessee,, ,Intermediate Software Engineer (Verba), 
1130,Knoxville,"$50,000 a year",TN,Software Integration Engineer, 
1131,Weehawken,,NJ,Data Analyst, 
1132,Parsippany,,NJ,IT Business Analyst xe2x80x93 Data & Analytics, 
1134,Princeton,,NJ,Statistical Data Analyst - Open Rank,08541
1135,Englewood Cliffs,"$76,000 - $114,000 a year (Indeed est.)",NJ,Software Engineer, 
1137,Edison,,NJ,Jr. Software Engineer (Back-End), 
1138,Tinton Falls,,NJ,Software Engineer, 
1139,Mount Laurel,,NJ,Data Scientist, 
1141,Somerset,"$124,000 a year",NJ,Business Analyst, 
1142,Woodbridge,,NJ,Software Engineer,07095
1145,Franklin,,TN,.NET Developer,37067
1156,Franklin,,TN,Principal Software Engineer, 
1157,Somerset,,NJ,Software Engineer, 
1158,Picatinny Arsenal,,NJ,Software Development/Test Engineer, 
1160,Weehawken,,NJ,Software Engineer - Server Side, 
1164,Princeton,,NJ,Software Engineer - Java,08540
1166,Englewood Cliffs,,NJ,Android Software Engineer, 
1168,Basking Ridge,,NJ,Sr Software Engineer - Optum Health Technology,07920
1169,Somerville,,NJ,Full Stack Web Developer, 
1175,Maryville,,TN,Software Engineer III, 
1178,Nashville,,TN,AWS Node.JS Software Engineer 2,37214
1180,Nashville,,TN,Senior Software Engineer, 
1181,Basking Ridge,,NJ,Junior Project Manager - Application Development, 
1183,Somerset,,NJ,Business Analyst, 
1184,Piscataway,,NJ,Senior Software Development Manager,08854
1185,Whippany,,NJ,Big Data Engineer, 
1186,Princeton,,NJ,Android Software Developer, 
1190,Chattanooga,,TN,Applications Systems Analyst - Specialist, 
1191,Collierville,,TN,"Data Scientist (Senior Levels) Memphis, TN Area", 
1193,Memphis,,TN,Business Intelligence Analyst, 
1194,Franklin,,TN,Principal IT Software Engineer, 
1195,Oak Ridge,,TN,Research Scientist in Large-Scale Data Science and Learning,37831
1207,East Windsor,,NJ,Analytical Scientist, 
1209,Piscataway,,NJ,Business Analyst (Pega/Salesforce), 
1219,Knoxville,,TN,Staff Software and Systems Engineer, 
1220,Brentwood,,TN,Application Support Analyst (webMethods Trading Networks REQ..., 
1222,Franklin,,TN,"Software Engineer II, Java (AWS)",37067
1223,Memphis,,TN,Software Sales Representative- Memphis,38133
1227,New Brunswick,,NJ,Programmer/Analyst, 
1233,Monmouth Junction,,NJ,Junior Java Developer, 
1234,Clark,,NJ,Software Developer, 
1237,Oak Ridge,,TN,Research Software Engineer,37831
1246,Piscataway,,NJ,xc2xa0Mid-Level Software Developer, 
1247,Woodcliff Lake,$60 an hour,NJ,Senior Medical Data Scientist, 
1248,Woodcliff Lake,,NJ,Software Engineer 2,07677
1254,Edison,,NJ,Software Developer (10 Positions), 
1255,Newark,,NJ,Senior Software Development Engineer II, 
1257,Woodbridge,,NJ,Software Sales Executive,07095
1268,Jersey City,,NJ,Software Engineer - Finance Technologies, 
1269,Township of Warren,,NJ,"Associate Director, Software Development",07059
1272,New Jersey,, ,Senior Software Engineer, 
1277,Metuchen,,NJ,Programmer Analyst, 
1278,Nashville,,TN,Senior Software Engineer, 
1279,Nashville,,TN,Programmer / Analyst, 
1280,Nashville,,TN,Healthcare Business Analyst,37203
1284,Nashville,"$50,000 - $60,000 a year",TN,Sales & Marketing - Software,37203
1290,Knoxville,,TN,Software Engineer/Developer,37932
1297,Jersey City,,NJ,Business Analyst - Markets,07302
1301,Atlantic City,,NJ,Software Engineer, 
1305,Brentwood,,TN,Business Analyst, 
1311,Memphis,,TN,Programmer Analyst,37544
1312,Memphis,,TN,Business Analyst,38118
1317,Monmouth Junction,,NJ,System engineer xe2x80x93 BIG DATA,08852
1318,Iselin,,NJ,Senior Software Quality Analyst,08830
1319,Colts Neck,,NJ,Software Manager, 
1321,Piscataway,,NJ,Software Developer,08854
1323,New Brunswick,,NJ,"Principal Software Engineer, R&D, User Interface", 
1324,Camden,,NJ,Software Engineer,08103
1325,Nashville,,TN,Systems Developer, 
1326,Nashville,,TN,Research Engineer - Institute for Software Integrated System..., 
1328,Nashville,,TN,Senior Software Engineer,37203
1335,Princeton,,NJ,Business Intelligence Developer, 
1339,Englewood Cliffs,,NJ,Data Scientist HR Analytics, 
1345,Wayne,,NJ,Data Analyst,07470
1350,Knoxville,,TN,3D Software Developer,37920
1357,Nashville,,TN,Application Development Associate,37214
1359,Princeton,,NJ,Intern-Software Engineering, 
1360,Jersey City,,NJ,Senior Software Development Engineer, 
1361,New Brunswick,,NJ,"Lead Data Scientist, Commercial Analytics", 
1364,New Brunswick,,NJ,"Senior Data Scientist, Commercial Analytics", 
1368,Newark,,NJ,Web Development Engineer II (front-end), 
1371,Franklin,$20 - $37 an hour,TN,Business Analyst,37067
1372,Nashville,$35 - $40 an hour,TN,"Software Engineer, Java", 
1374,Bristol,,TN,Analytical Development Scientist (Pharma),37620
1375,Memphis,,TN,Data Scientist, 
1377,Memphis,,TN,Business Analyst, 
1378,Chattanooga,,TN,Software Developer,37402
1379,Nashville,,TN,Software Development Summer Internship - Technology & Operat..., 
1381,Nashville,,TN,Software Developer - Information Technology, 
1382,Nashville,"$75,000 - $120,000 a year",TN,"Software Engineers-Junior, Mid, Senior", 
1383,Camden,"$66,000 - $95,000 a year (Indeed est.)",NJ,DATA ANALYTICS DEVELOPER - Information Technology,08103
1384,New Jersey,, ,Programmer Analyst, 
1385,Morristown,,NJ,Data Analyst, 
1386,Weehawken,,NJ,Data Analyst, 
1388,Princeton,,NJ,Computational Data Scientist,08540
1389,Lakewood,,NJ,Software Engineer I, 
1391,Newark,,NJ,Web Development Engineer, 
1392,Jersey City,,NJ,Quantitative Data Scientist,07302
1393,South Plainfield,,NJ,SQL Data Analyst - Contract, 
1394,Edison,,NJ,Data Engineer, 
1399,Sevierville,"$45,000 - $80,000 a year",TN,Front End Web Developer, 
1408,Township of Warren,"$100,000 a year",NJ,C# .Net Developer, 
1409,Edison,,NJ,"Business Analyst, VMO",08837
1410,Peapack and Gladstone,,NJ,Big-Data Engineer- 033-19JB, 
1412,Teterboro,,NJ,A/R Billing Data Analyst, 
1413,Woodbridge,,NJ,Senior Software Engineer,07095
1414,Weehawken,,NJ,Big Data Engineer xe2x80x93 Evidence Labs Technology, 
1426,La Vergne,,TN,Application/Hardware Support Analyst,37086
1427,Oak Ridge,,TN,Computational Scientist in Research Software Engineering,37831
1429,Memphis,,TN,Business Analyst, 
1431,Nashville,,TN,Advanced Product Solutions Developer, 
1434,Fort Lee,,NJ,"Data Scientist - Fort Lee, NJ or Raleigh, NC",07024
1435,Trenton,$45 an hour,NJ,Midlevel .Net Developer, 
1438,Hackensack,,NJ,Applications Analyst V, 
1439,Sayreville,,NJ,Software Developer, 
1440,Egg Harbor Township,,NJ,Applications System Analyst I,08234
1441,Egg Harbor Township,,NJ,Sr. Software Engineer, 
1450,Nashville,,TN,Business Intelligence Analyst II, 
1452,Mount Laurel,,NJ,Business Analyst II,08054
1453,Paramus,,NJ,RPG Programmer,07652
1457,Egg Harbor Township,,NJ,Computer Scientist- junior level, 
1459,Weehawken,,NJ,Java Full Stack Software Engineer, 
1468,Franklin,,TN,Software Engineering Manager,37068
1472,Knoxville,,TN,Software Developer,37932
1475,Nashville,,TN,Senior Data Analyst (Clinical Excellence), 
1476,Brentwood,,TN,Clinical Applications System Analyst, 
1481,Princeton,,NJ,Big Data Sr Software Engineer,08540
1483,Florham Park,,NJ,Quantitative Software Engineer,07932
1484,Peapack,"$70,000 - $100,000 a year",NJ,Job available for a Business Analyst (Pharma), 
1497,Jersey City,,NJ,Software Developer, 
1499,Belleville,"$75,000 - $90,000 a year",NJ,Senior Software Engineer, 
1500,Edison,,NJ,Software Developer / Engineer (Java):, 
1507,Holmdel,,NJ,Senior Software Engineer,07733
1524,Egg Harbor Township,,NJ,Computer Scientist, 
1525,Rockleigh,"$150,000 - $175,000 a year",NJ,Machine Learning Engineer(Edge-based Learning), 
1528,Cranbury,,NJ,Scientist/Principle Scientist in Analytical Development,08512
1532,Plainsboro,,NJ,Business Analyst, 
1535,La Vergne,,TN,"Software Engineer, Team Lead (Qlik)", 
1536,Nashville,,TN,Staff Engineer I - Institute for Software Integrated Systems, 
1541,Nashville,,TN,Business Analyst, 
1542,Brentwood,,TN,Associate Developer,37027
1549,Princeton,,NJ,Junior Developer Intern, 
1553,New Jersey,, ,Operations Consulting Business Analyst, 
1558,Nashville,,TN,Business Analyst, 
1562,Nashville,,TN,Full Stack Developer, 
1566,Memphis,,TN,Senior Software Engineer,37544
1573,Newark,,NJ,"Data Scientist, SEO Analytics Specialist", 
1574,Summit,,NJ,Senior Data Analyst - Pharmaceutical Sales Data, 
1576,Elmwood Park,,NJ,Revenue Cycle Software Applications Analyst,07407
1577,Hoboken,,NJ,"Backend Software Engineer, Embedded Systems", 
1578,Edison,,NJ,Business Analyst- Pharma, 
1587,Memphis,,TN,QMS Business Analyst,38103
1591,Somerset,,NJ,Statistical Programmer,08875
1592,Piscataway,,NJ,Full Stack Developer - Django Python,08854
1594,Bloomfield,,NJ,Account Management Data Analyst, 
1597,Branchville,,NJ,BSU Associate Business Analyst,07826
1598,Township of Warren,"$85,000 - $128,000 a year (Indeed est.)",NJ,Data Analytics and Developer,07059
1600,Oceanport,,NJ,Business Analyst, 
1602,Township of Warren,,NJ,Software Engineer - Tech Solutions,07059
1605,Princeton,,NJ,Senior Software Engineer (FEZ001), 
1606,Nashville,,TN,Developer II, 
1607,Knoxville,,TN,Mid-Level Systems/Software Engineer, 
1617,Oak Ridge,,TN,Drupal Application Development, 
1619,Woodbridge,,NJ,Senior Data Engineer,07095
1625,Township of Hamilton,,NJ,Entry-Mid Level Web Developer,08690
1627,Atlantic City,,NJ,Software Engineer, 
1630,Brentwood,,TN,Data Engineer, 
1631,Memphis,,TN,Data Analyst, 
1632,Memphis,,TN,Quality Data Analyst/Breast,38120
1633,Nashville,,TN,Software Engineer, 
1634,Nashville,,TN,Data Scientist II, 
1635,Memphis,"$100,000 - $115,000 a year",TN,"Full Time-JDE Business Analyst Needed, Memphis, TN area-110-...", 
1636,Newark,,NJ,Data Analyst (Infection Control),07112
1638,Jersey City,,NJ,Software Developer - Deployment Services, 
1639,Jersey City,,NJ,Financial Data Analyst, 
1640,Secaucus,,NJ,Jr. Software Engineer--Python and Perl Scripting, 
1646,Nashville,,TN,Senior Software Engineer (PHP/Vue.js),37210
1654,Woodbridge,,NJ,Software Developer - Team Lead,07095
1657,Newark,,NJ,Programmer Analyst (Data Fabric Developer),07102
1659,Princeton,,NJ,"Software Developer, Research (Open Rank)",08541
1660,Newark,,NJ,Software Developer Engineer III, 
1661,Edison,,NJ,Business Analyst,08817
1663,North Brunswick,,NJ,Business Analyst, 
1667,Nashville,,TN,Developer, 
1669,Nashville,,TN,Business Analyst, 
1671,Tullahoma,"$5,000 - $6,000 a month",TN,Contract Computer Programmer,37388
1680,Morristown,,NJ,Business Analyst, 
1683,Somerset,,NJ,Informatica Developer (Software Developer), 
1685,Fort Lee,,NJ,Data Analyst / Project Lead,07024
1690,Kingsport,,TN,Software Developer II, 
1695,Nashville,,TN,Business Analyst, 
1701,Township of Hamilton,,NJ,Software Development Team Lead, 
1705,Edison,,NJ,"Software Developer/Engineer (C#, .Net):", 
1707,Mount Laurel,,NJ,"Software Developers, Applications", 
1712,Mount Laurel,,NJ,Analyst I - Business Intelligence,08054
1720,Johnson City,,TN,Software System Test Engineer, 
1721,Chattanooga,,TN,Applications Developer Analyst - Java/JavaScript, 
1723,Edison,,NJ,Business Analyst with BPM experience, 
1727,New Brunswick,,NJ,Software Engineer 2, 
1733,Township of Warren,"$80,000 - $90,000 a year",NJ,Intermediate/Senior Software Developer, 
1735,Nashville,,TN,Director Software Engineering,37203
1736,Nashville,"$90,000 - $110,000 a year",TN,Senior Software Developer, 
1748,Jersey City,,NJ,Software Engineer II,07310
1749,Edison,,NJ,Sr. Software Engineer, 
1751,Egg Harbor Township,,NJ,Intermediate Level Software Engineer, 
1752,Middletown,,NJ,Senior-Software Engineer (DevSecOps),07748
1756,Township of Hamilton,,NJ,Programmer Analyst, 
1758,Brentwood,,TN,Software Developer,37027
1760,Nashville,,TN,Software Engineer, 
1763,Memphis,,TN,IT Business Analyst, 
1769,Princeton,,NJ,Data Scientist/Senior Data Scientist, 
1770,Freehold,,NJ,IT Business Analyst, 
1774,Weehawken,,NJ,Business Analyst, 
1785,Collierville,,TN,Software Developer III - PeopleSoft, 
1787,Oak Ridge,,TN,Senior Software Engineer, 
1797,Bridgewater,,NJ,Business Analyst, 
1798,Moorestown,,NJ,Software Development Analyst Senior,08057
1800,Nashville,,TN,IT Project Manager/Data Scientist, 
1806,Nashville,,TN,Application Development Sr Analyst,37214
1807,Memphis,,TN,Big Data Engineer,38103
1809,Franklin Lakes,,NJ,"Intern - Software Engineering (Franklin Lakes, NJ)",07417
1812,Princeton,,NJ,Web Developer,08540
1813,Piscataway,,NJ,Senior Software Engineer, 
1815,East Brunswick,,NJ,Programmer Analyst, 
1820,Brentwood,,TN,"Manager, Business Intelligence and Analytics", 
1831,Hoboken,,NJ,Full Stack Software Engineer, 
1836,Mount Laurel,,NJ,Software Engineer,08054
1840,Piney Flats,,TN,API Developer,37686
1843,Nashville,,TN,Senior Software Engineer, 
1848,Basking Ridge,,NJ,Senior Software Engineer - Multiple locations,07920
1850,South Plainfield,,NJ,Software Developer,07080
1854,Piscataway,,NJ,Senior Clinical Data Analyst, 
1855,Summit,,NJ,"Scientist I, Analytical Development",07901
1856,Iselin,,NJ,Programmer Analyst, 
1858,Franklin,,TN,Software Engineer I,37067
1860,Tennessee,"$60,000 - $100,000 a year", ,Software Developer, 
1862,Franklin,"$70,000 - $100,000 a year",TN,Inside Software Sales Representative, 
1863,Memphis,,TN,Software & Systems Analyst,37544
1864,Knoxville,,TN,Data Analyst,37919
1866,Nashville,,TN,EMV Software Engineer, 
1867,Chattanooga,,TN,Software Developer - Campus Recruiting,37402
1868,New Jersey,, ,Data Analyst and Reporting Manager, 
1869,Piscataway,,NJ,Application and Software Development Internship,08854
1870,East Windsor,,NJ,"Data Analyst @ SpectraMedix, NJ", 
1871,Princeton,,NJ,Junior Numerical Algorithm Software Engineer,08540
1872,Atlantic City,,NJ,Jr. Software Engineer (Java) - FAA, 
1874,Englewood Cliffs,,NJ,"Backend Software Engineer, Development COE", 
1875,Florham Park,,NJ,Data Analyst / Client Engagement, 
1876,Edison,,NJ,Software Developer Analyst, 
1877,Parsippany,,NJ,Supply Chain Data Scientist / Analyst, 
1879,Nashville,,TN,Senior Software Engineer, 
1881,Chattanooga,,TN,Pharmacy Billing/Business Analyst,37402
1883,Nashville,,TN,Android Developer, 
1886,Memphis,,TN,Senior Quality Software Engineer,38118
1890,Nashville,,TN,Programmer Analyst - OMS/ESB,37209
1898,Jersey City,,NJ,Business Analyst Flipt, 
1899,Iselin,,NJ,Software Developer, 
1902,Nashville,,TN,IT Business Analyst, 
1905,Knoxville,,TN,Software Technical Support Representative, 
1909,Nashville,,TN,Programmer Analyst - PL/SQL,37209
1916,Secaucus,,NJ,"Engineer II, Software Engineering", 
1917,Princeton,,NJ,Software Full-Stack Developer Internship,08540
1918,Iselin,,NJ,Senior Data Analyst,08830
1920,Nashville,,TN,Business Intelligence Engineer, 
1926,Tennessee,, ,Java Developer, 
1928,Franklin,,TN,Senior Data Engineer, 
1932,Newark,,NJ,Software Developer, 
1935,Princeton,,NJ,Software Developer, 
1937,Tinton Falls,,NJ,Business Analyst, 
1940,Florham Park,,NJ,Chief Data Scientist,07932
1941,Jersey City,,NJ,ERP Business Analyst, 
1945,Franklin,,TN,Director Data Engineering,37068
1948,Nashville,,TN,"Operations Master Data Analyst, Supply Chain", 
1950,Nashville,"$60,000 - $80,000 a year",TN,Web Developer,37214
1954,Cranbury,,NJ,Business Analyst,08512
1958,East Hanover,,NJ,2019 - Summer Intern - NBS Information Technology, 
1960,Lumberton,,NJ,Experienced Software Developer,08048
1965,Somerset,,NJ,Data Analyst, 
1966,Englewood,,NJ,Web Developer, 
1976,Oak Ridge,,TN,Embedded Software Engineer for Unmanned Systems,37831
1978,Iselin,,NJ,Software Developer,08830
1979,New Brunswick,,NJ,"Senior Data Science Analyst, Commercial Analytics", 
1980,Holmdel,,NJ,Senior Software Engineer,07733
1983,Fairfield,,NJ,Software Developers, 
1985,Egg Harbor Township,,NJ,Computer Scientist - mid level, 
1987,Monmouth Junction,,NJ,Senior Software Engineer,08852
1988,Mahwah,,NJ,Senior Software Development Manager - Firmware/Applications,07430
1990,Brentwood,,TN,Business Intelligence Quality Assurance Analyst,37027
1993,Nashville,"$80,000 a year",TN,Software Product Marketing Manager, 
1996,Caryville,,TN,.NET Developer, 
1998,Nashville,,TN,Sr. Digital Data Analyst, 
2002,Montvale,,NJ,Business Intelligence Analyst Intern Summer 2019,07645
2005,Princeton,,NJ,Software Engineer Java & Web Services,08540
2009,Newark,,NJ,Business Analyst, 
2012,Basking Ridge,,NJ,Senior Java Software Engineer with Mainframe Experience - Ba...,07920
2013,Monmouth Junction,,NJ,SAS Programmer/Analyst, 
2016,Nashville,,TN,Software Engineer 3: Full Stack,37214
2022,Bartlett,,TN,Senior Software Engineer, 
2023,Cleveland,,TN,SOA IIB Service Developer, 
2027,Crossville,,TN,Full Stack Developer, 
2029,Chattanooga,,TN,Applications Data Lead - eChart/Epic EMR Team - Full-time, 
2031,Knoxville,,TN,Theatre Application Specialist II, 
2034,Milford,,NJ,Business Analyst, 
2035,Jersey City,,NJ,Product Business Analyst, 
2037,Princeton,,NJ,Software Developer, 
2038,Roseland,,NJ,"Associate, Systems Developer",07068
2039,Basking Ridge,,NJ,Software Engineer,07920
2040,Somerset,,NJ,Senior Application Developer,08873
2045,Nashville,,TN,PL/SQL Developer, 
2050,Millington,,TN,Business Analyst,38055
2052,United States,, ,Sr. Software Development Engineer in Test(SDET), 
2053,Nashville,,TN,Java and Angular Programmer Analyst(Location: Nashville TN), 
2054,Brentwood,,TN,Sr. Software Engineer,37027
2056,Brentwood,,TN,"Analyst I, Store Systems Application", 
2064,Piscataway,"$55,000 - $60,000 a year",NJ,MEAN Stack Web Developer,08854
2065,Bridgewater,,NJ,IT Application Architect Analyst III,08807
2066,Brentwood,,TN,Provider Data Analyst,37027
2067,Brentwood,,TN,IT Data Analyst,37027
2068,Nashville,,TN,Software Developer, 
2070,Brentwood,,TN,Healthcare Data Engineer,37027
2071,Franklin,,TN,Software Engineer I, 
2072,Nashville,,TN,Senior Software Engineer, 
2073,Nashville,,TN,Domain Specialist - Data Analyst, 
2075,Franklin Lakes,,NJ,"Intern, SQL Reporting and Analytics (Franklin Lakes, NJ)",07417
2076,Parsippany,,NJ,Senior Data Engineer - Data Analytics,07054
2078,Moorestown,,NJ,"Software Engineer, Associate", 
2081,Princeton,"$100,000 - $140,000 a year",NJ,Front End Software Engineer - Angular,08540
2082,Montclair,,NJ,Software Engineer In Test, 
2083,Princeton,,NJ,"Software Engineer, LiDAR", 
2084,Princeton,,NJ,Software Engineer,08540
2086,Nashville,,TN,Interactive Developer, 
2091,Tennessee,, ,"Java Application Developer/App Sys Analyst- Omaha, NE or Cha...", 
2092,Memphis,,TN,IT Software Development Advisor Sr,38120
2093,Nashville,,TN,Business Analyst, 
2101,Nashville,,TN,Director of Software Engineering, 
2105,Hermitage,,TN,.Net Sr. Software Engineer, 
2108,Memphis,,TN,Business Intelligence Analyst, 
2112,Nashville,,TN,PHP Developer, 
2115,Franklin,,TN,Business Intelligence Engineer, 
2118,La Vergne,,TN,"Senior Software Engineer, JAVA", 
2121,Knoxville,,TN,Software Technical Support Escalation Rep, 
2135,Memphis,,TN,Programmer Analyst II (DevOps), 
2136,Cool Springs,,TN,SQL Analyst Developer, 
2137,Memphis,,TN,Business Intelligence Solutions Engineer,38197
2138,Nashville,"$65,000 - $100,000 a year",TN,Sr Software Programmer, 
2141,Memphis,,TN,Data Scientist,38108
2142,Knoxville,,TN,Sr. Software QA Engineer,37923
2143,Jackson,,TN,Junior Software Developer,38301
2144,Memphis,,TN,IT Software Development Specialist, 
2146,Nashville,,TN,Senior Big Data Engineer, 
2147,Nashville,,TN,Business Analyst II, 
2149,Brentwood,,TN,Software Engineering Manager,37027
2151,Nashville,,TN,Senior Ruby Developer, 
2154,Nashville,,TN,Senior Data Analyst (Health Information Exchange), 
2155,Nashville,,TN,Business Analyst II, 
2156,Franklin,,TN,Senior Software Test Engineer,37067
2162,Knoxville,,TN,Software Support Consultant, 
2166,Maryville,,TN,Data Analyst II, 
2168,Nashville,,TN,Software Development Manager, 
2174,Princeton,,NJ,Data Engineer Intern, 
2176,Egg Harbor Township,,NJ,Associate Software Development Analyst, 
2177,Eatontown,,NJ,Software Developer,07724
2179,Eatontown,,NJ,Software Engineer, 
2180,Newark,,NJ,Data Analyst II Hemophilia Center (Full Time Days),07112
2182,South Plainfield,,NJ,Software Test Engineer,07080
2183,New Jersey,, ,Front-End Software Engineer, 
2184,New Jersey,, ,Software Engineer, 
2186,Avenel,,NJ,Principal Data Scientist,
2190,Avenel,,NJ,Senior Data Scientist - Machine Learning Engineer,
2191,Hermitage,,TN,UI/UX Business Analyst,
2196,Oak Ridge,,TN,Research Scientist in Discrete Simulation and AI,
2197,Avenel,,NJ,Senior Data Scientist,
2207,Parsippany,,NJ,Supply Chain Data Scientist / Analyst,
2209,Bloomfield,,NJ,Data Scientist - Richmond Virginia area - must be local or be willing to relocate,
2210,Jersey City,,NJ,Quantitative Data Scientist,
2215,Princeton,,NJ,Data Scientist/ Machine Learning Research Professional,
2216,Cranbury,,NJ,Scientist/Principle Scientist in Analytical Development,
2217,Basking Ridge,,NJ,Machine Learning Research Scientist- Internship,
2219,Adams,,TN,"Senior Data Scientist, Sales",
2221,Avenel,,NJ,"Data Scientist, Office of the CTO, Data & AI Domain, Microsoft Services",
2228,Avenel,,NJ,Software Engineer (Connect),
2229,Knoxville,,TN,Senior Data Scientist,
2230,Bristol,,TN,Analytical Development Scientist (Pharma),
2239,Avenel,,NJ,Software Developer,
2242,Adams,,TN,Software Engineer (rstudio.cloud),
2243,Adams,,TN,Lead Data Scientist,
2244,Parsippany,,NJ,Senior Scientist I- Data Science,
2246,Adams,,TN,Lead Robotics Software Engineer,
2249,Kenilworth,,NJ,"Associate Director, Data Science and Outcomes Research",
2251,Piscataway,,NJ,Senior Data Analyst,
2253,Adams,,TN,Software Developer Intern,
2255,Adams,,TN,Data Scientist Team Lead,
2257,Memphis,,TN,BI Analyst (Data Modeling),
2258,Nashville,,TN,Data Scientists (Senior & Entry Level),
2264,Avenel,,NJ,Software Developer,
2267,Memphis,,TN,Genomic Data Engineer,
2268,Avenel,,NJ,Data Scientist - Healthcare - Senior Principal,
2272,Murray Hill,,NJ,Bell Labs Summer Intern in Data Science,
2273,Murray Hill,,NJ,BL Labs Summer Intern/Data Science & ML,
2275,Basking Ridge,,NJ,Data Scientist - Customer Experience,
2277,Bloomfield,,NJ,Data Scientist - New York/New Jersey area,
2278,Adams,,TN,AI researcher,
2280,Avenel,,NJ,Data Scientist - Financial Services Lab,
2281,Avenel,,NJ,Chief Data Scientist,
2282,Adams,,TN,Applications Scientist,
2283,Adams,,TN,Computer Scientist,
2285,Wayne,,NJ,Associate Data Scientist,
2287,Adams,,TN,Data Scientist - Principal - National,
2288,New Brunswick,,NJ,"Senior Data Scientist, Workforce Analytics",
2290,Princeton,,NJ,Center for Observational Research & Data Scientist- Manager,
2292,Lyndhurst,,NJ,BI Data Scientist,
2293,Princeton,,NJ,"Computer Scientist, Vision & Learning",
2296,Princeton,,NJ,Sr. Data Scientist,
2301,Hoboken,,NJ,"VP, Data Science",
2304,Adams,,TN,Senior Data Scientist,
2305,Adams,,TN,Senior Data Integration Developer/ Data Scientist,
2306,Adams,,TN,Senior Data Scientist - Predictive Enterprise Group,
2307,Jersey City,,NJ,"Data Scientist, RBC Amplify - 2019",
2309,Liberty Corner,,NJ,Business Intelligence & Data Warehouse Developer (Power BI and Azure),
2311,Princeton,,NJ,"Computer Scientist, Vision & Learning Group",
2314,Secaucus,,NJ,Data Scientist - Digital Analyst,
2315,Adams,,TN,Software Engineer,
2316,Red Bank,,NJ,Machine Learning Research Scientist,
2320,Adams,,TN,Advisory Services Manager - Data Scientist,
2321,Weehawken,,NJ,Strategic Business Analyst/Data Scientist,
2322,Summit,,NJ,Analytical Chemist,
2324,New Brunswick,,NJ,"Senior Data Scientist, Commercial Analytics",
2325,Florham Park,,NJ,Chief Data Scientist,
2326,Mahwah,,NJ,Speech and Data Scientist,
2331,Raritan,,NJ,Principal Data Scientist,
2332,Englewood,,NJ,Associate Data Scientist,
2336,Franklin Lakes,,NJ,Data Scientist - NJ,
2340,Princeton,,NJ,"Research Scientist, Semiconductor Devices & Applications",
2345,Summit,,NJ,"Scientist I, Analytical Development",
2346,Hoboken,,NJ,"Data Scientist, Experimentation",
2351,Englewood Cliffs,,NJ,Data Scientist HR Analytics,
2354,Princeton,,NJ,Sr. Research Scientist - Multimodal Machine Learning for Healthcare,
2361,Newark,,NJ,"Data Scientist, SEO Analytics Specialist",
2363,Florham Park,,NJ,Artificial Intelligence Expert (Data Scientist),
2370,Princeton,,NJ,Data Scientist/Senior Data Scientist,
2379,Fort Lee,,NJ,"Data Scientist - Fort Lee, NJ or Raleigh, NC",
2381,Hoboken,,NJ,Staff Data Scientist,
2382,Princeton,,NJ,Applications Scientist - Materials Science,
2386,Adams,,TN,2019 Data Science Excellence Program,
2390,Adams,,TN,Big Data Developer,
2392,Avenel,,NJ,Data Scientist - Internship/Co-op,
2393,Avenel,,NJ,Data Scientist Internship - Summer 2019,
2394,Avenel,,NJ,Data Scientist,
2395,Avenel,,NJ,Business Intelligence Analyst,
2396,Avenel,,NJ,Data Scientist,
2397,Avenel,,NJ,Data Scientist,
2398,Avenel,,NJ,Data Scientist,
2400,Avenel,,NJ,Physics Data Scientist,
2407,Edison,,NJ,Data Science internship,
2413,Avenel,,NJ,Clinical/Bioinformatics Data Analyst,
2414,Holmdel,,NJ,Front-End Developer,
2419,Avenel,,NJ,Data Scientist,
2420,Avenel,,NJ,Data Scientist,
2421,Avenel,,NJ,Data Scientist,
2422,Avenel,,NJ,Data Scientist,
2424,Princeton,,NJ,"Research Scientist - Signal Processing, Edge Analytics and Machine Learning",
2427,Bridgewater,,NJ,"Applications Food Scientist, Dairy Applications",
2429,Middlesex,,NJ,"Senior Scientist, Analytical R&D",
2430,Raritan,,NJ,"Principal Data Scientist, IT Scientist",
2440,Raritan,,NJ,"Senior Data Scientist, IT Scientist",
2444,Avenel,,NJ,Associate Director Business Intelligence,
2458,Parsippany,,NJ,Senior Associate Principal Scientist- Data Science,
2461,Raritan,,NJ,"Senior Manager, Data Scientist",
2462,Newark,,NJ,"Manager, Data Scientist",
2465,Avenel,,NJ,RELIABILITY AND RISK ASSESSMENT POSTDOCTORAL RESEARCH ASSOCIATE,
2466,Berkeley Heights,,NJ,Business Intelligence Engineer,
2473,Cherry Hill,,NJ,Data Analyst / Data Scientist,
2478,Township Of Warren,,NJ,Senior Analytical Scientist,
2480,Basking Ridge,,NJ,Principal Data Engineer,
2486,Jersey City,,NJ,Lead Data Scientist,
2487,East Hanover,,NJ,Global Procurement Data Science Lead,
2489,Princeton,,NJ,Software Engineer Intern,
2497,New Brunswick,,NJ,"Senior Data Scientist, Data Sciences and Advanced Analytics-Medical Device Technology",
2498,Bridgewater,,NJ,"Food Scientist - Emulsions, Food Colloids & Applications",
2510,Basking Ridge,,NJ,Senior Research Scientist-Machine Learning,
2517,Camden,,NJ,Data Engineer,
2520,Jersey City,,NJ,Developer/Analyst,
2523,Princeton,,NJ,"Principal Scientist, Translational Medicine Data Science",
2530,Parsippany,,NJ,Principal Data Scientist,
2545,Avenel,,NJ,Principal Data Scientist - Marketing Cloud,
2548,Whippany,,NJ,Principal Data Scientist,
2557,Princeton,,NJ,Center for Observational Research and Data Science - Senior Data Scientist,
2560,Summit,,NJ,"Sr Scientist, Analytical Development",
2567,Holmdel,,NJ,Senior Software Engineer,
2578,Jersey City,,NJ,Senior Data Scientist,
2584,Avenel,,NJ,Data Scientist,
2585,Avenel,,NJ,Data Scientist,
2586,Avenel,,NJ,Data Scientist - Knowledge Management,
2588,Oak Ridge,,TN,Postdoctoral Research Associate in Artificial Intelligence and Machine Learning,
2589,Avenel,,NJ,Data Analyst,
2591,Avenel,,NJ,Entry-Level Cognitive Software Developer,
2592,Avenel,,NJ,Programmer 1,
2593,Avenel,,NJ,Data Scientist,
2594,Avenel,,NJ,Junior Data Scientist,
2596,Edison,,NJ,Business Analyst- Pharma,
2599,South Plainfield,,NJ,Data Scientist,
2600,Florham Park,,NJ,Business Process Improvement Professional - Advanced Analytics - Data Scientists,
2602,Edison,,NJ,Oracle Business Analyst,
2605,Summit,,NJ,"Senior Principal Scientist, Analytical Development",
2607,Princeton,,NJ,Senior Manager Data Scientist (Machine Learning),
2610,Newark,,NJ,"Director, Data Scientist",
2613,Titusville,,NJ,"Senior Scientist, Data Science Strategy and Innovation",
2614,Avenel,,NJ,Field Application Scientist,
2621,Avenel,,NJ,Senior Practice Manager Data Science,
2622,Mount Olive,,NJ,Senior Data Scientist,
2630,Cherry Hill,,NJ,"Scientist I, Analytical Research - R&D",
2631,Raritan,,NJ,"POST-DOCTORAL TRAINEE - NEUROSCIENCE BIOMARKERS, LA JOLLA, CA",
2642,Princeton,,NJ,"Director, Clinical Data Science",
2651,Princeton,,NJ,"Associate Director, Machine Learning",
2653,Rockleigh,,NJ,Lead Data Scientist,
2659,Summit,,NJ,"Senior Associate Scientist, Analytical Development",
2665,Bernardsville,,NJ,Machine Learning Research Scientist,
2667,Summit,,NJ,"Principal Data Scientist, Trial Planning & Analytics",
2668,Parsippany,,NJ,Full Stack Java Developer(junior to mid level),
2669,Basking Ridge,,NJ,Sr. Informatics Data Engineer,
2676,Hoboken,,NJ,Senior Data Scientist- Machine Learning,
2682,Parsippany,,NJ,Associate Principal Engineer- Data Engineer,
2685,Avenel,,NJ,Sr. Software Service Specialist,
2687,Morris Plains,,NJ,"Director, Senior Director Analytical Methods Development",
2690,South Plainfield,,NJ,"Sr Dir, Analytical Development xe2x80x93 Gene Therapy",
2701,Woodcliff Lake,,NJ,Senior Medical Data Scientist,
2702,Parsippany,,NJ,Sr. Director - Data Science,
2705,Basking Ridge,,NJ,Sr. Informatics Data Engineer,
2711,Egg Harbor Township,,NJ,Computer Scientist- junior level,
2731,East Rutherford,,NJ,Senior Data Engineer,
2739,Kenilworth,,NJ,"Senior Scientist, Analytical",
2741,Roseland,,NJ,Solutions Architect - (Enterprise Architecture / Technical Applications Architect),
2743,Avenel,,NJ,Senior Manager_4D_Data Scientist,
2752,Avenel,,NJ,"Software Engineering Lead (Angular 2+ or CLI, .NET Core, Docker, AWS, NoSQL, Terraform)",
2756,Jersey City,,NJ,"Senior Data Engineer, Strategic Analytics Services",
2760,Avenel,,NJ,"Sr. Specialist Solutions Architect, Machine Learning (Virtual US or Bay Area)",
2771,Avenel,,NJ,Data Scientist,
2772,Avenel,,NJ,"Data Scientist - Cheyenne, WY",
2776,Avenel,,NJ,Data Scientist,
2777,Avenel,,NJ,Data Scientist - Consultant - National,
2779,Avenel,,NJ,Data Scientist - Intern/Coop,
2780,Avenel,,NJ,Statistical Modeler - Data Scientist,
2781,Avenel,,NJ,Data Scientist,
2782,Avenel,,NJ,Data Scientist / Machine Learning Engineer,
2783,Avenel,,NJ,Data Scientist,
2784,Avenel,,NJ,Watson Health Data Scientist,
2785,Avenel,,NJ,"Software Engineer, Data Scientist,",
2787,Avenel,,NJ,Senior Data Scientist Internship - Summer 2019,
2789,Monmouth Junction,,NJ,Application Developer Web Front End II,
2790,New Brunswick,,NJ,"Data Scientist, Commercial Analytics",
2791,Township Of Warren,,NJ,"Associate Scientist, CAR-T Analytical Development",
2792,Princeton,,NJ,Data Scientist,
2793,Avenel,,NJ,Data Scientist - Oracle Health Sciences,
2794,Brentwood,,TN,Data Scientist,
2795,Avenel,,NJ,AI Chief Data Scientist - PS12747,
2799,Avenel,,NJ,"VP, Chief Data Scientist",
2800,Avenel,,NJ,"Delivery Data Scientist, Diverse Industry Solutions, Data & AI, Microsoft Services",
2801,Avenel,,NJ,"Delivery Data Scientist, Public Sector Solutions, Data & AI, Microsoft Services",
2805,Avenel,,NJ,Data Engineer,
2809,Avenel,,NJ,Data Scientist (Splunk),
2811,South Amboy,,NJ,Data Scientist,
2813,Princeton,,NJ,Data Scientist,
2814,Monmouth Junction,,NJ,Data Scientist,
2815,Avenel,,NJ,"Data Scientist , Advanced Analytics",
2816,Avenel,,NJ,IBM Research AI Residency Program,
2820,Memphis,,TN,Data Scientist,
2823,Avenel,,NJ,"Data Scientist, Product Operations Advanced Analytics",
2825,Oak Ridge,,TN,Postdoctoral Research Associate in Large-Scale Data Science and Learning,
2827,Nashville,,TN,Data Scientist - Outcomes Research,
2829,Avenel,,NJ,AI Principal Data Scientist - PS14902,
2830,Franklin,,TN,Data Engineer II,
2831,Nashville,,TN,Data Scientist,
2833,Pennington,,NJ,Data Scientist I,
2835,Edison,,NJ,"Hiring OPT, CPT for Information Technology",
2836,Princeton,,NJ,"Computer Scientist (Machine Learning), Vision Systems Group",
2837,Basking Ridge,,NJ,Data Scientist,
2838,Avenel,,NJ,Data Engineer,
2839,Knoxville,,TN,Data Analyst,
2842,Avenel,,NJ,Data Engineers,
2848,Avenel,,NJ,Staff Data Engineer,
2849,Avenel,,NJ,AI Senior Data Scientist - PS12748,
2850,Avenel,,NJ,Data Scientist Senior,
2851,Nashville,,TN,Data Analyst,
2853,Florham Park,,NJ,Advanced Analytics - Data Scientists,
2855,Mount Laurel,,NJ,Data Scientist,
2858,Cranbury,,NJ,Analytical Scientist - Topical/ Parenteral / Ophthalmic and Oral,
2862,Memphis,,TN,Data Scientist,
2864,Memphis,,TN,Data Engineer,
2865,Oak Ridge,,TN,Research Scientist in Large-Scale Data Science and Learning,
2867,Parsippany,,NJ,"Data Scientist, Consultant",
2868,East Hanover,,NJ,Data Scientist - NA Design Ingredients,
2869,Basking Ridge,,NJ,Data Scientist xe2x80x93 Predictive & Prescriptive Analytics,
2872,Morristown,,NJ,Data Analyst,
2873,Short Hills,,NJ,Data Scientist,
2875,Nashville,,TN,Data Scientist II,
2876,Oak Ridge,,TN,Computer/Data Scientist,
2878,Brentwood,,TN,"Data Scientist, Marketing",
2880,Newark,,NJ,Data Scientist,
2881,Bridgewater,,NJ,Engineering Data Scientist,
2883,Murray Hill,,NJ,Data Scientist,
2884,Holmdel,,NJ,Associate Data Scientist,
2886,Princeton,,NJ,Computational Data Scientist,
2888,Newark,,NJ,"Field Service Applications Specialists - Newark, NJ",
2890,Oak Ridge,,TN,Sr. Research Scientist in Artificial Intelligence and Machine Learning,
2891,New Brunswick,,NJ,"Lead Data Scientist, Commercial Analytics",
2893,Oak Ridge,,TN,Research Scientist in Artificial Intelligence and Machine Learning,
2895,Franklin,,TN,Data Analyst II,
2897,Hermitage,,TN,Data Analyst (Architecture Team),
2899,Newark,,NJ,Field Service Applications Specialists,
2902,Princeton,,NJ,Research Scientist - Multimodal Machine Learning for Healthcare,
2903,East Windsor,,NJ,Analytical Scientist,
